{"meta": {"format": 3, "version": "7.13.0", "timestamp": "2026-03-10T06:57:13.286231", "branch_coverage": false, "show_contexts": false}, "files": {"src/cli.py": {"executed_lines": [1, 10, 12, 13, 14, 15, 16, 17, 19, 22, 32, 37, 40, 46, 50, 56, 60, 64, 69, 76, 80, 86, 90, 94, 105, 110, 118, 123, 126, 132, 135, 144, 145, 146, 149, 162, 163, 165, 173, 174, 176, 177, 178, 179, 243, 244, 245, 252, 253, 254, 255, 263, 264, 265, 266, 275, 276, 280, 307, 308, 309, 311, 312, 313, 314, 330, 331, 333, 334, 337, 339, 346, 347, 349, 373, 386, 387, 389, 390, 391], "summary": {"covered_lines": 79, "num_statements": 104, "percent_covered": 75.96153846153847, "percent_covered_display": "76", "missing_lines": 25, "excluded_lines": 0, "percent_statements_covered": 75.96153846153847, "percent_statements_covered_display": "76"}, "missing_lines": [188, 189, 191, 192, 193, 208, 210, 217, 218, 225, 226, 227, 234, 235, 281, 282, 289, 290, 298, 299, 322, 323, 324, 335, 364], "excluded_lines": [], "functions": {"make_parser": {"executed_lines": [32, 37, 40, 46, 50, 56, 60, 64, 69, 76, 80, 86, 90, 94, 105, 110, 118, 123], "summary": {"covered_lines": 18, "num_statements": 18, "percent_covered": 100.0, "percent_covered_display": "100", "missing_lines": 0, "excluded_lines": 0, "percent_statements_covered": 100.0, "percent_statements_covered_display": "100"}, "missing_lines": [], "excluded_lines": []}, "output_json": {"executed_lines": [132], "summary": {"covered_lines": 1, "num_statements": 1, "percent_covered": 100.0, "percent_covered_display": "100", "missing_lines": 0, "excluded_lines": 0, "percent_statements_covered": 100.0, "percent_statements_covered_display": "100"}, "missing_lines": [], "excluded_lines": []}, "exit_code_from_result": {"executed_lines": [144, 145, 146], "summary": {"covered_lines": 3, "num_statements": 3, "percent_covered": 100.0, "percent_covered_display": "100", "missing_lines": 0, "excluded_lines": 0, "percent_statements_covered": 100.0, "percent_statements_covered_display": "100"}, "missing_lines": [], "excluded_lines": []}, "run_command": {"executed_lines": [162, 163, 165, 173, 174, 176, 177, 178, 179, 243, 244, 245, 252, 253, 254, 255, 263, 264, 265, 266, 275, 276, 280, 307, 308, 309, 311, 312, 313, 314, 330, 331, 333, 334, 337, 339, 346, 347, 349], "summary": {"covered_lines": 39, "num_statements": 64, "percent_covered": 60.9375, "percent_covered_display": "61", "missing_lines": 25, "excluded_lines": 0, "percent_statements_covered": 60.9375, "percent_statements_covered_display": "61"}, "missing_lines": [188, 189, 191, 192, 193, 208, 210, 217, 218, 225, 226, 227, 234, 235, 281, 282, 289, 290, 298, 299, 322, 323, 324, 335, 364], "excluded_lines": []}, "main": {"executed_lines": [386, 387, 389, 390, 391], "summary": {"covered_lines": 5, "num_statements": 5, "percent_covered": 100.0, "percent_covered_display": "100", "missing_lines": 0, "excluded_lines": 0, "percent_statements_covered": 100.0, "percent_statements_covered_display": "100"}, "missing_lines": [], "excluded_lines": []}, "": {"executed_lines": [1, 10, 12, 13, 14, 15, 16, 17, 19, 22, 126, 135, 149, 373], "summary": {"covered_lines": 13, "num_statements": 13, "percent_covered": 100.0, "percent_covered_display": "100", "missing_lines": 0, "excluded_lines": 0, "percent_statements_covered": 100.0, "percent_statements_covered_display": "100"}, "missing_lines": [], "excluded_lines": []}}, "classes": {"": {"executed_lines": [1, 10, 12, 13, 14, 15, 16, 17, 19, 22, 32, 37, 40, 46, 50, 56, 60, 64, 69, 76, 80, 86, 90, 94, 105, 110, 118, 123, 126, 132, 135, 144, 145, 146, 149, 162, 163, 165, 173, 174, 176, 177, 178, 179, 243, 244, 245, 252, 253, 254, 255, 263, 264, 265, 266, 275, 276, 280, 307, 308, 309, 311, 312, 313, 314, 330, 331, 333, 334, 337, 339, 346, 347, 349, 373, 386, 387, 389, 390, 391], "summary": {"covered_lines": 79, "num_statements": 104, "percent_covered": 75.96153846153847, "percent_covered_display": "76", "missing_lines": 25, "excluded_lines": 0, "percent_statements_covered": 75.96153846153847, "percent_statements_covered_display": "76"}, "missing_lines": [188, 189, 191, 192, 193, 208, 210, 217, 218, 225, 226, 227, 234, 235, 281, 282, 289, 290, 298, 299, 322, 323, 324, 335, 364], "excluded_lines": []}}}}, "totals": {"covered_lines": 79, "num_statements": 104, "percent_covered": 75.96153846153847, "percent_covered_display": "76", "missing_lines": 25, "excluded_lines": 0, "percent_statements_covered": 75.96153846153847, "percent_statements_covered_display": "76"}}